{"cameraMode":{"drawMode":0,"name":"Shaded","section":"Shading Mode"},"sceneLighting":true,"audioPlay":false,"sceneViewState":{"showFog":true,"showMaterialUpdate":false,"showSkybox":true,"showFlares":true,"showImageEffects":true,"showParticleSystems":true},"in2DMode":false,"pivot":{"x":-4.716655731201172,"y":1.3124241828918458,"z":6.318357467651367},"rotation":{"x":-0.11036492884159088,"y":0.8041907548904419,"z":-0.15784113109111787,"w":-0.5623027086257935},"size":10.0,"orthographic":false}